X,Y,Cluster
664159,550946,2
665845,557965,2
597173,575538,2
618600,551446,2
635690,608046,2
588100,557588,2
582015,546191,2
604678,574577,2
572029,518313,2
604737,574591,2
577728,587566,2
602013,574722,2
627968,574625,2
607269,536961,2
603145,574795,2
671919,571761,2
612184,570393,2
600032,575310,2
627912,593892,2
601967,604428,2
591851,569051,2
601444,572693,2
629718,558104,2
661430,603567,2
597551,556737,2
601182,582584,2
562704,570596,2
605107,563429,2
607214,575069,2
568824,570203,2
612485,518009,2
589244,573777,2
625579,551084,2
560237,500154,2
626224,569687,2
610666,551701,2
597428,569940,2
600582,599535,2
604168,555003,2
613871,550423,2
617310,551945,2
625728,579460,2
606300,566708,2
638559,558807,2
582176,630383,2
544056,577786,2
631297,578351,2
561574,621747,2
604973,574773,2
605284,556134,2
617910,592293,2
555904,640401,2
526559,509417,0
603849,572396,2
598634,619900,2
603359,589262,2
657455,567754,2
614279,599251,2
578496,631434,2
645171,595209,2
688015,533535,2
656477,573007,2
540029,563888,2
597418,538362,2
613545,574733,2
628696,542447,2
604157,574191,2
603126,497987,2
605850,533310,2
596179,529556,2
610330,552628,2
598184,531473,2
620438,511694,2
600202,622079,2
603021,577991,2
515612,540643,0
606548,574376,2
593490,623110,2
607084,595500,2
583728,563146,2
616044,533807,2
624452,584622,2
604438,574666,2
625709,660145,2
601376,579831,2
565148,557305,2
639418,537903,2
612799,537497,2
583653,652182,2
599808,596484,2
605250,573272,2
606738,601356,2
611044,571814,2
575440,568511,2
616329,529516,2
605927,572533,2
609286,586782,2
647354,579190,2
606929,571420,2
562920,559223,2
680357,620811,2
707100,601463,2
604294,574368,2
614917,600946,2
611508,503220,2
603789,574474,2
551740,588768,2
546031,570429,2
569197,559307,2
688712,568754,2
604067,574091,2
606809,572101,2
588597,622592,2
613840,534167,2
576263,547239,2
597077,568196,2
601339,571609,2
606011,569426,2
593398,559764,2
593166,622725,2
609796,532982,2
712648,607541,2
585048,505097,2
525967,565687,2
660327,585901,2
607604,573951,2
604001,573587,2
591484,571087,2
613868,585089,2
645464,660478,2
538571,654649,2
555429,604551,2
597620,586226,2
586097,567445,2
545235,539822,2
649088,575733,2
599123,616977,2
563763,559454,2
617717,613939,2
618869,577243,2
567188,560044,2
636628,533309,2
560362,567914,2
595014,632844,2
605876,550640,2
604352,573425,2
600679,599545,2
596891,579476,2
614943,540976,2
604415,571400,2
603698,573585,2
658199,568743,2
598759,582942,2
671269,590258,2
593317,534085,2
657985,453405,1
608557,590278,2
623004,508050,2
601900,569391,2
641031,593074,2
589658,640498,2
567565,573952,2
559078,570088,2
639431,588155,2
566609,537592,2
568570,579335,2
660650,615038,2
667639,571164,2
596796,529933,2
606111,617846,2
616060,590779,2
602873,527864,2
571334,594145,2
602167,543919,2
605100,573307,2
546640,560043,2
585195,555011,2
651740,589474,2
589112,536573,2
582057,543124,2
690968,555952,2
609030,552436,2
632125,541413,2
603445,630598,2
628264,616214,2
577242,574073,2
604090,574392,2
607911,576556,2
600665,638890,2
600117,539079,2
631182,565466,2
695646,652231,2
619445,567491,2
613191,571942,2
567428,580005,2
590583,623314,2
606289,670243,2
585175,574133,2
634967,579020,2
614615,574437,2
593061,579188,2
606933,576409,2
606587,573873,2
594084,629464,2
683697,581516,2
601530,577183,2
603055,589818,2
616561,619007,2
607463,477085,1
611581,572630,2
579712,568354,2
602887,595245,2
600039,557139,2
605913,579526,2
579773,568698,2
606324,544357,2
605958,573728,2
606144,575076,2
667472,570571,2
580048,565009,2
597802,576113,2
610263,574422,2
603855,575180,2
624369,532153,2
599870,591110,2
577167,617095,2
658403,611332,2
563460,480559,1
610980,522819,2
569422,567790,2
627727,578737,2
592804,584539,2
540783,626497,2
591823,639096,2
637323,549567,2
638078,629421,2
611315,560757,2
647103,573853,2
522993,595581,2
601187,531825,2
533799,564377,2
649034,528813,2
620975,564344,2
622407,583192,2
597026,642918,2
551291,576721,2
608768,610525,2
697959,614701,2
658281,582264,2
546632,599204,2
672565,564468,2
636500,587401,2
696144,548705,2
533551,582247,2
526802,551524,2
553038,606418,2
696601,603624,2
588964,597435,2
716139,621721,2
608529,586311,2
557378,567033,2
589994,610890,2
589344,563119,2
624415,515911,2
565483,551512,2
584895,574666,2
582777,542670,2
639394,576728,2
608298,573748,2
663578,586265,2
628080,562986,2
597421,554767,2
595193,576508,2
658103,572250,2
659529,498474,2
606415,581386,2
641976,577433,2
587466,564953,2
589180,595099,2
601885,573083,2
580561,528916,2
621726,578003,2
558817,576255,2
620213,574468,2
594010,570095,2
541976,512639,2
593840,578685,2
602667,575857,2
631446,561156,2
596481,567449,2
611318,581584,2
568546,564911,2
593865,572987,2
597017,575588,2
578804,573582,2
673750,594081,2
592714,553958,2
594029,586701,2
668502,563937,2
629533,537542,2
801539,318482,1
801667,318542,1
814045,332998,1
800479,321640,1
757470,224976,1
844536,424646,2
797105,316002,1
779956,271501,1
797205,313318,1
801323,316240,1
783666,262902,1
806131,312752,1
830658,368694,1
802482,335269,1
801910,325434,1
808062,337340,1
789833,304422,1
803603,327255,1
800865,312968,1
802237,318526,1
803959,315173,1
800123,312312,1
780927,285057,1
797242,324588,1
801551,320544,1
809182,319115,1
801931,317202,1
870801,476330,2
820327,352701,1
801093,317509,1
798523,324500,1
805237,318655,1
803375,311620,1
801441,323812,1
797313,317527,1
788220,301915,1
790395,300024,1
817135,349925,1
797787,301470,1
804630,332333,1
808710,330379,1
802111,320817,1
796375,309563,1
819768,346596,1
814605,354382,1
800565,319364,1
802089,313456,1
814401,341234,1
796609,319691,1
776131,248465,1
803464,329093,1
802646,317894,1
809550,327365,1
795322,311178,1
830450,393096,1
778414,260729,1
800041,318331,1
802814,320130,1
802738,312234,1
823913,369439,1
803386,318982,1
812869,346251,1
798904,324420,1
800447,331643,1
807446,342555,1
804251,329956,1
797594,302109,1
803448,314797,1
765502,240340,1
795527,315510,1
794640,313497,1
808717,335740,1
790932,305223,1
816852,352965,1
826228,376658,1
795299,312036,1
808686,332209,1
809594,344872,1
799275,324108,1
878184,487392,2
798472,322218,1
824822,367091,1
746769,205186,1
756701,207223,1
795489,287279,1
800483,320713,1
783491,288029,1
797162,306135,1
800272,316170,1
806827,324616,1
802853,314938,1
800804,316615,1
813173,354777,1
801588,319814,1
797400,315778,1
823840,368410,1
811391,343836,1
801055,321833,1
804038,306622,1
803780,334441,1
834173,386159,1
802784,313853,1
807293,347456,1
817119,336333,1
786635,269352,1
824624,381716,1
797415,319840,1
800772,325023,1
806626,318966,1
800845,311838,1
769386,259892,1
797272,324228,1
807409,325526,1
795836,291870,1
798321,319665,1
805372,313397,1
790738,308028,1
800667,315995,1
795205,316433,1
809054,345541,1
808452,320117,1
779897,279572,1
782642,275308,1
797569,321799,1
801751,318110,1
787644,297715,1
807401,314610,1
800677,310656,1
800394,301473,1
795571,310093,1
814158,335578,1
811913,325091,1
806982,316680,1
775604,274485,1
800133,327081,1
806511,313841,1
803796,314893,1
802012,318315,1
826789,377676,1
814108,344096,1
804354,309671,1
807017,330432,1
803774,334756,1
817410,346944,1
841928,398948,1
816145,349032,1
818622,370753,1
786245,292352,1
784164,285702,1
805390,319676,1
790774,303642,1
803277,319525,1
833182,379714,1
773023,251826,1
801609,320399,1
778965,282290,1
814317,333112,1
805080,323708,1
801080,318049,1
799724,318884,1
798059,316113,1
806176,320301,1
769876,257669,1
825716,373098,1
791983,298565,1
801386,313545,1
804871,317801,1
810903,332925,1
838276,395673,1
810543,341180,1
777978,252419,1
820258,351165,1
801997,319385,1
779437,281959,1
810253,323873,1
794826,309589,1
814280,344223,1
832651,373469,1
794142,306704,1
802041,319504,1
804190,320706,1
798983,325682,1
840462,402858,1
799912,323363,1
804119,328544,1
804358,320802,1
803057,331037,1
803031,325811,1
784151,283760,1
800444,311497,1
802004,317772,1
803470,319069,1
811277,335577,1
803332,315488,1
800037,317963,1
813436,360446,1
800694,316789,1
838129,404012,1
764997,249477,1
800316,311699,1
806848,320541,1
805462,317833,1
798308,312788,1
802655,316263,1
801456,320080,1
801309,318213,1
840886,397888,1
829529,375007,1
830805,370801,1
804979,334141,1
804013,316083,1
808489,317021,1
770113,241615,1
804332,319006,1
833661,389733,1
797834,297329,1
794956,309980,1
801232,307078,1
809552,342258,1
794615,305632,1
809259,345634,1
811502,355939,1
801301,316893,1
803370,318247,1
804702,315881,1
797009,293194,1
813791,334609,1
812965,330224,1
826048,374236,1
800959,322309,1
803405,317316,1
802254,320673,1
783116,265635,1
798633,317300,1
801482,327644,1
798612,326404,1
799001,302014,1
802537,312497,1
799794,315080,1
793892,313943,1
804691,332987,1
793855,298525,1
796952,318633,1
800655,320227,1
801780,318992,1
805977,320805,1
796916,323332,1
820904,351763,1
808405,318841,1
765283,249459,1
824212,363776,1
798981,311092,1
797178,310439,1
800582,316980,1
803839,310353,1
796283,315582,1
801145,317601,1
801662,318423,1
801782,318281,1
803377,319212,1
803932,318781,1
806192,337849,1
789583,287700,1
801586,318947,1
804251,331304,1
799667,316830,1
759789,229116,1
799021,326404,1
793684,312065,1
806320,315242,1
786234,267976,1
821151,366545,1
801903,312794,1
782506,279930,1
803627,319323,1
794991,291216,1
794667,315069,1
799291,317500,1
798243,324160,1
804408,337683,1
818119,348676,1
810502,336169,1
793560,285392,1
801326,315779,1
808644,326320,1
813645,328765,1
800966,317165,1
797111,302781,1
802431,322048,1
811061,333595,1
786719,283364,1
773955,239849,1
803701,321815,1
783110,289805,1
800235,316652,1
807421,317527,1
797947,319734,1
805035,317469,1
801166,322298,1
846693,429031,2
801493,322249,1
806087,326636,1
810657,329468,1
801313,300606,1
800390,309948,1
801634,318965,1
799197,314215,1
795254,296488,1
807696,320548,1
800461,326821,1
801174,320442,1
809781,326904,1
826585,366934,1
804429,312164,1
788005,292268,1
801183,316191,1
378274,816341,0
406233,813072,0
401478,785370,0
448651,847994,0
434440,822866,0
369199,734895,0
413241,771595,0
369418,733394,0
378563,789670,0
424190,780052,0
415993,776671,0
421352,799127,0
432656,783776,0
383032,788008,0
414377,771258,0
425260,773661,0
469139,810971,2
442979,803024,0
347079,803582,0
412797,803180,0
352874,807952,0
442286,755194,0
416433,786159,0
419700,793447,0
422961,821595,0
400008,789447,0
429586,775621,0
457561,788245,0
415417,785827,0
389552,750700,0
415598,786499,0
443447,783977,0
404792,749210,0
389392,730768,0
473485,847098,2
491614,778997,2
437483,785130,0
452570,848127,0
417197,778243,0
405986,787439,0
437568,794323,0
420319,794333,0
418963,746595,0
469422,822619,2
397688,762902,0
418149,790096,0
407289,798870,0
360319,778673,0
473799,795167,2
445199,763833,0
446537,828924,0
410019,732704,0
396540,815936,0
407694,718592,0
417091,792545,0
442260,754050,0
411526,784658,0
407814,765816,0
394022,803914,0
481133,781413,2
396118,794614,0
458538,786673,0
419721,789724,0
424476,781552,0
377720,727349,0
448336,789445,0
412227,787450,0
408745,824896,0
417016,774869,0
395274,786698,0
412541,806622,0
412109,735920,0
407023,787385,0
376660,815936,0
396548,784388,0
508535,830710,2
414014,816460,0
440782,782395,0
436951,814456,0
393758,750953,0
418410,795929,0
425991,787029,0
414562,787355,0
408712,803987,0
377858,811790,0
417169,792321,0
460371,780609,0
388873,746909,0
395641,808571,0
386436,791388,0
440667,768761,0
438437,730300,0
370839,727884,0
422917,781112,0
391555,789079,0
402666,814060,0
474368,812039,2
406176,760860,0
463768,793154,0
446307,796523,0
402309,786873,0
413946,786971,0
425053,790566,0
416926,785113,0
424023,737453,0
417447,782955,0
415672,787824,0
416019,787562,0
417515,787648,0
459230,803720,0
447833,819282,0
418199,851439,0
417393,771537,0
441415,780207,0
399634,751940,0
373360,784232,0
419227,779215,0
434717,808225,0
397669,792218,0
412028,773494,0
407504,803363,0
365147,790525,0
459328,805961,0
429472,860855,0
480128,785580,2
344915,702496,0
410969,770451,0
407460,791404,0
420476,750495,0
397747,792207,0
408428,771823,0
397806,749559,0
426040,825049,0
407565,766203,0
414317,828815,0
410610,765111,0
412388,784064,0
406337,750353,0
422419,754048,0
416039,730594,0
414512,793966,0
398478,822297,0
424375,721868,0
403890,792420,0
400902,772920,0
402367,782997,0
472917,830363,2
418621,840463,0
329002,727685,0
418618,811618,0
425356,745471,0
470922,770669,0
400598,790903,0
412851,774986,0
492415,829655,2
400079,749617,0
417673,785965,0
424720,768456,0
386415,801444,0
426689,788562,0
430747,776261,0
405714,781619,0
429220,787348,0
427850,762201,0
434080,785264,0
473514,788780,2
412386,777312,0
430686,844506,0
409142,811927,0
422198,724557,0
392185,713763,0
412677,786951,0
399149,784376,0
382693,749680,0
527515,831478,2
448519,805219,0
430779,770145,0
413556,758080,0
392140,769924,0
416855,794023,0
389713,772742,0
398498,776720,0
473727,807244,2
389410,788256,0
377230,790154,0
415564,784464,0
456799,844976,0
444336,820061,0
404359,783919,0
453154,776082,0
425019,759577,0
415895,775793,0
420083,787815,0
506612,858859,2
436648,859634,0
403522,785432,0
401407,759648,0
403852,792473,0
367398,701756,0
412453,784453,0
382124,786262,0
416884,786845,0
448865,836781,0
383821,808301,0
414249,796590,0
457338,789952,0
396276,785999,0
390282,789593,0
409417,758123,0
397561,815245,0
397137,742547,0
402891,801910,0
385257,791581,0
409628,833942,0
369249,797068,0
460942,779073,0
423146,737571,0
420509,788730,0
422736,790806,0
401492,790336,0
394018,799506,0
385140,796221,0
430243,781020,0
416775,806826,0
425796,795608,0
411488,837715,0
433989,765343,0
415806,783594,0
417023,771194,0
415270,775605,0
391163,811977,0
405350,762342,0
414860,773921,0
371779,814715,0
415631,805010,0
387951,813315,0
472691,802678,2
471930,844046,2
432892,815223,0
366654,802105,0
411721,717873,0
426115,814461,0
375997,806621,0
385561,718324,0
375573,809249,0
437958,784801,0
363857,784086,0
430138,818594,0
435085,791564,0
414036,742189,0
425611,793420,0
439793,740773,0
467107,817914,2
387631,749416,0
430001,765803,0
384225,784381,0
417146,822655,0
427371,819417,0
399587,792459,0
474648,778810,0
345692,788190,0
409515,756149,0
469782,780552,0
468229,827985,2
414951,852935,0
409701,750741,0
442826,795974,0
459556,818479,0
423311,813081,0
476144,772131,0
391976,789416,0
448649,813885,0
496658,816784,2
410336,767856,0
430167,811490,0
357467,797530,0
404220,785798,0
446368,763341,0
439514,758221,0
424145,743433,0
470062,771204,0
421187,779726,0
396617,801039,0
394708,739061,0
394912,755947,0
425950,788228,0
408283,806161,0
419520,778231,0
441950,785934,0
409814,836083,0
395817,788858,0
422776,808328,0
363959,810632,0
422943,804253,0
407626,771304,0
347933,797148,0
457554,795861,0
394274,837428,0
445674,768552,0
416359,786189,0
419485,804779,0
376176,795539,0
349378,805118,0
456566,743012,0
484407,809641,2
403329,717870,0
392795,817694,0
372621,772258,0
461751,817277,0
489182,773934,2
427388,815258,0
418155,819422,0
437035,755506,0
416444,783624,0
777811,751059,2
823974,725025,2
749723,781756,2
875160,698897,2
828194,742074,2
800913,749332,2
831165,783383,2
793019,764859,2
810467,706465,2
803540,754792,2
844662,654835,2
803962,731228,2
823065,733789,2
822156,732296,2
811389,723618,2
779936,774397,2
854769,713941,2
803457,735855,2
790712,745884,2
815652,733433,2
841289,701474,2
832054,751330,2
786032,701427,2
824835,704997,2
832886,781206,2
818063,797960,2
857620,709386,2
828589,652430,2
836727,737798,2
776000,780347,2
824098,714042,2
830583,710990,2
862189,735684,2
815131,704478,2
828478,655405,2
784838,771499,2
880362,706363,2
767482,727417,2
825070,734215,2
813781,738344,2
840863,737972,2
840943,739611,2
828276,762021,2
822883,728314,2
854886,769396,2
829623,732301,2
835428,731189,2
818338,800932,2
823417,701523,2
812152,689907,2
829969,699565,2
861563,661642,2
816955,747629,2
774526,757135,2
803577,712231,2
798056,714380,2
881789,727577,2
858867,700187,2
834996,728517,2
839121,736259,2
841045,738224,2
840100,728839,2
874544,686096,2
862334,747768,2
820253,714625,2
817862,732248,2
844729,682981,2
846484,719360,2
793669,724513,2
821906,732848,2
826465,646980,2
820350,748217,2
814540,707227,2
838223,766380,2
869471,745767,2
816054,733183,2
801177,737548,2
848783,748980,2
814105,723255,2
838036,749612,2
840270,725456,2
789601,714058,2
827169,708345,2
789448,738035,2
835030,668528,2
848151,741869,2
816091,747764,2
801511,761094,2
822670,689090,2
873672,734440,2
808153,737136,2
755829,751858,2
814697,729209,2
832758,707452,2
848264,762550,2
799903,784535,2
802674,727804,2
828147,808738,2
820707,705318,2
824594,741664,2
804474,747122,2
823108,733302,2
839514,728923,2
827711,732798,2
851644,721350,2
816390,711340,2
798007,723995,2
790612,738038,2
821909,728448,2
865754,723314,2
735295,814058,2
877711,703850,2
792990,685472,2
809917,762429,2
789388,712210,2
879221,655497,2
876935,684572,2
819439,735945,2
807929,730950,2
850451,764015,2
811748,766105,2
824765,761114,2
848586,789052,2
812231,739235,2
873532,712802,2
842590,716861,2
832798,734777,2
817640,730018,2
824322,744720,2
777697,798253,2
868493,677155,2
805658,698630,2
840349,790707,2
796953,726378,2
832589,782799,2
817441,709397,2
856029,730586,2
805089,762512,2
854628,773470,2
846090,651306,2
796943,674692,2
827192,785316,2
818209,719382,2
795200,786424,2
817777,724927,2
846512,683647,2
825080,746712,2
824674,806300,2
822616,735941,2
805391,732659,2
823250,732088,2
850376,739749,2
821337,733356,2
796786,724615,2
862425,741010,2
825690,703854,2
800872,672603,2
825395,715780,2
843911,730036,2
820238,732928,2
848570,703697,2
825515,738284,2
820367,732364,2
822025,749214,2
837718,761480,2
871723,685520,2
850904,720163,2
816775,739989,2
822103,732911,2
815455,755486,2
835648,756631,2
868626,737331,2
825997,730652,2
817252,730254,2
877906,722361,2
808440,729985,2
791470,751113,2
841654,764836,2
825429,732758,2
751215,828365,2
804706,788001,2
820194,734233,2
869991,705259,2
809779,663654,2
822078,711840,2
866139,717138,2
829379,718721,2
837582,763266,2
783999,732487,2
800231,732106,2
862569,719773,2
838764,652792,2
849343,713993,2
828297,715480,2
821259,750089,2
874643,729921,2
819058,729125,2
817018,729596,2
797804,715342,2
838515,768484,2
829398,724900,2
754841,796342,2
878690,739021,2
821908,732077,2
786495,759000,2
823987,687499,2
787988,741203,2
839339,726322,2
822425,727248,2
854412,725575,2
788351,737539,2
838587,700545,2
840425,762290,2
817395,734126,2
807913,737341,2
872285,750708,2
788166,702817,2
836225,709204,2
822293,786837,2
888892,702505,2
822623,745025,2
795124,696429,2
832238,725434,2
815593,689874,2
843572,784897,2
833716,758772,2
822474,780882,2
801102,759330,2
841752,731595,2
808779,732990,2
822533,758955,2
817807,715863,2
837977,728814,2
801204,755177,2
819628,810748,2
814732,734183,2
832086,716249,2
876503,659112,2
823856,749355,2
819737,737829,2
818756,743887,2
811971,664520,2
801526,705057,2
827031,734324,2
843891,721571,2
810460,735109,2
782368,759352,2
801172,715857,2
866928,716961,2
829673,730398,2
850888,736810,2
786935,732999,2
769656,721159,2
804925,735492,2
870054,738900,2
818932,728481,2
853692,746285,2
807072,687932,2
750459,800215,2
823959,737866,2
835804,710711,2
790206,747165,2
813092,739043,2
801810,728106,2
825404,733788,2
820947,730529,2
827081,694553,2
822664,720677,2
768565,762193,2
823113,733720,2
821079,800206,2
828531,731300,2
820757,738235,2
781260,737962,2
819438,662327,2
833504,744564,2
789552,731946,2
822843,763117,2
775555,719683,2
865084,713697,2
820455,729132,2
849547,738979,2
762269,792243,2
821464,700760,2
824013,753991,2
803369,698753,2
823589,728083,2
796353,710294,2
820083,728310,2
829133,735488,2
823455,747394,2
818542,740451,2
809623,734937,2
841762,777572,2
802184,751958,2
803874,675499,2
830065,739162,2
824140,729074,2
852730,769968,2
866760,753547,2
811031,703822,2
825414,734466,2
816615,770855,2
786227,765634,2
817269,733788,2
809453,736879,2
757421,774445,2
818251,731938,2
788020,765562,2
823618,734216,2
812295,728049,2
837545,696979,2
797918,694723,2
822224,742716,2
821895,732158,2
797233,713358,2
800258,733812,2
813319,737376,2
860951,162251,1
860387,157731,1
857363,154639,1
863391,126214,1
839094,159543,1
849248,164090,1
875990,133950,1
905936,150106,1
895835,123485,1
818079,108536,1
898976,198452,1
869087,153957,1
849653,143827,1
834293,161575,1
844234,153197,1
835128,212354,1
828179,155649,1
875410,128878,1
850965,156224,1
800816,176612,1
832621,150748,1
876863,176593,1
826192,172906,1
862679,188399,1
839974,154358,1
854338,135067,1
855233,141357,1
850538,160159,1
868442,160118,1
888714,205560,1
864185,161232,1
851280,156049,1
875825,204959,1
840375,155757,1
892340,149050,1
873527,126426,1
836433,200181,1
826499,142732,1
854922,159650,1
883537,210648,1
807420,168787,1
840299,118907,1
834602,213597,1
864053,139325,1
856454,117143,1
857972,160214,1
850046,108829,1
804936,148980,1
864374,150149,1
858587,150101,1
870247,121460,1
855656,162100,1
850176,127908,1
850057,157848,1
828005,145089,1
861994,160156,1
849537,157510,1
867125,168762,1
838142,156770,1
847644,164348,1
856349,158150,1
860606,152843,1
869288,168662,1
838328,185708,1
860986,140320,1
829229,143653,1
866051,172932,1
871556,194747,1
865489,161762,1
851840,110475,1
846256,154064,1
836081,178429,1
859707,202806,1
849938,156042,1
894124,202052,1
864325,170593,1
848108,161786,1
817619,181929,1
858058,196183,1
861242,161722,1
885793,172115,1
850577,157049,1
877125,161227,1
883864,111281,1
891699,170415,1
802394,87835,1
862759,157988,1
824185,167369,1
813124,157130,1
840335,164912,1
858042,178196,1
846257,145306,1
858516,151301,1
851282,153750,1
905005,164126,1
857309,139276,1
845589,192916,1
895245,150977,1
863995,150435,1
862642,159379,1
861631,169376,1
858934,162874,1
912023,160368,1
842824,177832,1
824560,133679,1
842281,175525,1
860845,155375,1
841096,188742,1
821428,153468,1
840357,169437,1
827802,189078,1
844734,164570,1
847812,114745,1
887269,166179,1
830159,134329,1
850925,157811,1
847276,121785,1
870599,149782,1
780153,136449,1
814379,132655,1
834483,173379,1
852423,159874,1
854012,157449,1
883375,158482,1
850219,110573,1
836450,151205,1
881217,172320,1
813239,139752,1
871255,140340,1
789356,159383,1
873690,156226,1
858834,149259,1
778867,140736,1
872057,122354,1
882097,161493,1
787336,144875,1
849751,167033,1
843833,170416,1
850663,157840,1
812240,177846,1
838609,140215,1
850959,157920,1
859703,156782,1
854753,190254,1
895723,126593,1
857833,170565,1
850200,164752,1
845303,150476,1
877422,134877,1
850153,155701,1
819256,201704,1
871689,155981,1
818014,140185,1
815298,167390,1
864088,171351,1
902529,162041,1
908069,146564,1
799326,106384,1
854996,81095,1
843813,182032,1
888504,147016,1
877964,242679,1
851866,156896,1
821361,175823,1
810775,160434,1
843150,156573,1
844088,150085,1
830620,117906,1
835790,127898,1
819541,117296,1
858703,157931,1
857846,153281,1
876408,183646,1
842576,153072,1
848974,199427,1
862925,243856,1
856561,128799,1
834171,189042,1
872516,217570,1
869167,105039,1
819670,183364,1
846575,159002,1
895127,152283,1
830445,186055,1
792179,148539,1
852410,187705,1
853554,158012,1
927170,250593,1
825605,167750,1
846731,162515,1
878170,123364,1
884966,133900,1
866987,154415,1
846284,113820,1
873474,159567,1
878258,158631,1
882306,173836,1
856924,169071,1
794260,129843,1
851568,114049,1
868736,179354,1
925732,210388,1
868375,161990,1
855593,161003,1
849599,157084,1
868317,177001,1
800304,163436,1
823740,169808,1
856202,158811,1
883929,121705,1
851010,157593,1
872506,157517,1
850533,160136,1
816393,185056,1
850911,157772,1
812942,85345,1
835581,147664,1
913298,162009,1
858172,137586,1
872781,154295,1
871597,185239,1
923120,170161,1
837019,215527,1
835702,176502,1
837017,154170,1
859177,143273,1
866851,129505,1
855852,134834,1
924289,171369,1
860154,113364,1
836739,162321,1
850775,162968,1
884750,154317,1
849681,125345,1
854463,159977,1
883567,161769,1
848137,87922,1
823676,152154,1
848135,130674,1
844400,150812,1
864494,136669,1
878157,210496,1
851088,157432,1
786528,104976,1
860106,157080,1
861412,205239,1
820675,168154,1
834036,144156,1
842907,133992,1
846720,162060,1
871544,144135,1
849003,115373,1
856753,145184,1
839757,190518,1
865113,161302,1
846936,161313,1
845802,172285,1
844357,163402,1
881106,105566,1
877835,151890,1
839445,149778,1
866560,165110,1
845798,213118,1
818668,120458,1
831446,182864,1
900955,185733,1
836647,167267,1
874672,104851,1
849126,121710,1
889142,154467,1
855993,225023,1
854095,158510,1
850787,125678,1
859298,139834,1
829216,121494,1
837676,148639,1
851919,127963,1
841353,125628,1
848563,117708,1
893106,176595,1
852503,146551,1
848290,143184,1
825541,151495,1
883231,232031,1
864667,143614,1
805089,96540,1
854909,149938,1
847097,176660,1
910435,171155,1
878749,188759,1
871780,158486,1
841292,155620,1
846011,160034,1
855969,193497,1
860927,110775,1
808069,134402,1
848413,183717,1
791722,162000,1
852104,134678,1
806567,140259,1
847423,161535,1
867993,162841,1
828038,149181,1
849404,170474,1
841967,150890,1
850945,161669,1
888697,143969,1
813868,188928,1
864991,159874,1
881109,152198,1
811694,188374,1
900360,153622,1
885764,151791,1
814553,164190,1
895623,178393,1
829790,205695,1
865170,173755,1
850453,155432,1
864211,216526,1
848770,111076,1
791199,164843,1
834165,140684,1
843905,219401,1
857328,143692,1
838146,159541,1
340693,569371,0
315965,587160,0
405652,622938,0
359831,554975,0
349296,557688,0
289423,559134,0
408689,562521,0
321312,574721,0
286568,547471,0
370259,585265,0
339967,562602,0
410917,614521,0
283570,563726,0
347197,591316,0
342064,570045,0
317331,556086,0
335792,541310,0
330455,568758,0
366794,582584,0
378697,591764,0
339981,565418,0
338342,566864,0
338474,563350,0
432052,613723,0
340064,550509,0
334354,578047,0
296775,572432,0
353335,592567,0
334016,562797,0
328438,532686,0
365927,571713,0
343247,564376,0
325057,581121,0
330881,579058,0
378648,579579,0
339115,566863,0
333299,597586,0
367048,553451,0
345840,561591,0
366934,581294,0
358793,547046,0
393570,579641,0
304399,545221,0
353979,578923,0
337002,589527,0
327738,559624,0
334549,579199,0
297110,556485,0
327403,548875,0
413894,564459,0
326043,553772,0
337811,558454,0
333901,532836,0
340545,568654,0
358483,554925,0
318065,581616,0
367751,578289,0
331667,570387,0
321519,561045,0
299578,572052,0
339632,536577,0
339993,544064,0
268672,508874,0
332960,569308,0
345042,566973,0
352220,602793,0
333934,537464,0
312386,555195,0
334182,558498,0
335328,562880,0
303637,570253,0
353145,580916,0
325118,556212,0
294310,563522,0
371563,547746,0
373894,555347,0
407040,577739,0
337298,565486,0
357813,572855,0
304157,566007,0
335918,566525,0
330127,570072,0
339212,538693,0
357275,551101,0
334785,565575,0
326152,563230,0
345903,561314,0
238748,551038,0
331175,551842,0
352520,566829,0
341675,560197,0
354746,552404,0
412500,594675,0
277027,536847,0
322209,547247,0
375619,553791,0
288068,561932,0
344770,570309,0
284031,566654,0
324442,567881,0
356246,549756,0
404420,577532,0
336829,562228,0
293591,522132,0
342963,582232,0
338860,561151,0
324055,590810,0
328331,541094,0
357737,597104,0
392534,593343,0
298665,568245,0
343376,575709,0
338863,563107,0
361370,552483,0
338935,567577,0
350117,535859,0
371000,555062,0
368617,554066,0
331795,529654,0
344237,573700,0
280110,522025,0
328657,564864,0
452457,597461,0
333669,542228,0
320628,564596,0
316642,553340,0
340712,563178,0
349955,535578,0
261538,525920,0
411008,607342,0
317136,563479,0
297022,574097,0
319927,524637,0
359772,568428,0
344791,578536,0
324093,580491,0
373907,558472,0
321905,573147,0
341721,576427,0
386373,606623,0
338588,543875,0
341578,558672,0
371616,570648,0
331987,568997,0
341329,565571,0
334350,556417,0
330482,571217,0
338950,572545,0
289087,565427,0
343997,585193,0
225786,529417,0
365567,547606,0
320827,519618,0
286990,529505,0
321517,569562,0
388806,569524,0
411796,581307,0
331440,551885,0
325958,573367,0
348171,569251,0
344239,530765,0
419151,577335,0
321309,569996,0
386377,574187,0
342099,561508,0
366688,562413,0
321657,538660,0
403004,613466,0
363304,553764,0
384922,582877,0
304556,568584,0
336787,538925,0
327998,571265,0
303269,531608,0
313649,523765,0
337889,558031,0
360165,553303,0
340032,561740,0
338634,564414,0
351459,565704,0
412767,593558,0
283474,532727,0
336928,557412,0
366478,594677,0
343450,570659,0
331616,565089,0
354529,573677,0
276703,559740,0
282066,560178,0
331366,567311,0
321910,573825,0
290107,571927,0
281979,518199,0
374695,563163,0
340191,567638,0
338583,563529,0
358312,559466,0
338474,564151,0
338205,566246,0
342901,582886,0
265815,540385,0
304086,576100,0
347966,563506,0
346144,560472,0
352381,592377,0
318681,528806,0
369366,561201,0
310041,533285,0
344314,595915,0
363956,609339,0
328586,551385,0
330767,552963,0
312558,520650,0
315850,573154,0
379388,567285,0
329905,579935,0
352209,548608,0
357679,548036,0
339288,588052,0
330335,568221,0
341559,562163,0
341925,569393,0
327695,543105,0
335999,549795,0
302359,534317,0
332586,566187,0
330750,561657,0
400380,588221,0
337910,562252,0
336549,565597,0
343717,559909,0
332116,594868,0
358384,556361,0
415881,584352,0
345164,579614,0
316395,537403,0
340970,564831,0
340383,600071,0
326627,534442,0
356865,545785,0
306298,551902,0
347575,565576,0
302583,571881,0
352424,557574,0
279008,521035,0
335029,553213,0
338753,563384,0
324032,577807,0
327973,534972,0
321924,527106,0
345495,579864,0
385091,599401,0
361138,551307,0
332884,533990,0
269126,508814,0
350056,566657,0
374117,546122,0
350283,559840,0
335525,567445,0
350798,535657,0
289002,520678,0
324516,522674,0
364844,571623,0
351815,574947,0
275524,559548,0
348773,583528,0
308966,523409,0
316313,570785,0
341966,561987,0
341446,538787,0
318823,565345,0
347522,587567,0
293746,544468,0
334983,572690,0
325125,564342,0
330145,546705,0
336336,563145,0
302353,545544,0
321216,569834,0
285152,520229,0
335027,565050,0
332270,556288,0
341016,545280,0
339640,561426,0
338633,563504,0
324952,565867,0
353583,554147,0
385183,556284,0
292636,520371,0
289176,571435,0
310944,559497,0
336974,563207,0
337173,557853,0
396903,591235,0
324440,567074,0
333378,557892,0
300366,565761,0
344437,529492,0
325871,558965,0
367641,556309,0
344552,554676,0
297212,546223,0
355924,577596,0
331340,524203,0
292932,558293,0
306346,523584,0
341966,586266,0
282430,560217,0
326251,549298,0
335201,585318,0
351564,573155,0
322365,530808,0
405542,600089,0
296763,528676,0
221233,538472,0
338084,560295,0
345674,579033,0
325883,560492,0
345123,577788,0
329859,564384,0
353939,570931,0
409616,575024,0
365058,545456,0
404782,557913,0
368724,598412,0
344096,575522,0
182618,346663,0
171461,348130,0
186536,330019,0
177241,292639,0
248683,383412,0
174057,358906,0
215243,289985,0
170688,343596,0
144502,345417,0
165689,356983,0
168443,367928,0
165158,343946,0
159711,352701,0
175781,341039,0
233480,289069,0
189029,366740,0
168573,350387,0
170271,306395,0
192775,350028,0
152054,345632,0
139299,314046,0
202053,322650,0
134695,350397,0
159654,381778,0
188093,324040,0
183236,338163,0
156984,430950,0
182751,435819,0
198908,372797,0
198517,325721,0
161345,350804,0
210497,359835,0
141993,331189,0
170788,373545,0
166449,363036,0
155479,345893,0
186380,363938,0
129332,360811,0
224225,376975,0
165945,345849,0
223550,323197,0
122755,434879,0
166584,349245,0
179472,342273,0
148749,359845,0
177505,332053,0
160222,380591,0
178869,370161,0
170002,370000,0
164354,347671,0
169966,368623,0
145867,363616,0
181561,358111,0
164915,350360,0
166973,341636,0
153181,277968,0
155505,355581,0
160835,347784,0
211265,396792,0
203254,362605,0
137967,354539,0
174064,357989,0
179609,408365,0
176506,351827,0
172879,347028,0
180506,330980,0
185966,359964,0
146070,316860,0
152957,321354,0
163190,331719,0
186914,361706,0
159191,309314,0
170425,316185,0
162040,316797,0
195000,354829,0
126702,351222,0
213064,290947,0
140612,350010,0
172885,352621,0
170155,343568,0
186806,334070,0
146072,288800,0
169293,348686,0
169502,411323,0
152861,407965,0
156041,295117,0
117585,391892,0
163981,344090,0
158664,310765,0
141113,351050,0
163796,345091,0
160369,353500,0
235671,300234,0
140876,334435,0
108232,373112,0
192460,388323,0
133744,308918,0
216209,437830,0
156945,339397,0
199859,316334,0
159496,331641,0
167845,341409,0
182435,365508,0
133795,360518,0
169628,365003,0
167262,399527,0
177728,352687,0
130683,363204,0
198197,344933,0
197735,355477,0
172020,342883,0
185561,342784,0
202011,337353,0
157394,346500,0
182050,424341,0
129664,341196,0
173188,355248,0
182499,310438,0
170384,339979,0
182093,321311,0
185696,338006,0
102221,374657,0
165881,364469,0
164875,349007,0
159120,340829,0
168274,374689,0
178495,373915,0
179811,342089,0
162606,363185,0
173908,362098,0
133580,348602,0
190634,357254,0
186503,369651,0
127134,379827,0
169145,355279,0
140121,346875,0
141860,324304,0
200251,306215,0
174373,363552,0
170022,347877,0
165657,338722,0
186361,351075,0
213022,338238,0
155228,357729,0
171614,435530,0
175586,365049,0
187858,381077,0
171074,293610,0
153738,360530,0
199043,270173,0
165886,348709,0
159428,300364,0
197463,378513,0
161273,347538,0
186082,330058,0
143732,279724,0
142899,329415,0
156977,424622,0
174878,362329,0
148915,338914,0
187324,377187,0
175766,380534,0
185071,362905,0
158550,354818,0
174672,345849,0
169880,343122,0
109090,326101,0
187854,354777,0
153903,353738,0
190241,329582,0
102983,382712,0
143117,345163,0
188985,367645,0
174834,411644,0
144228,344974,0
146821,297434,0
171848,343242,0
94382,320888,0
154412,310120,0
176490,344679,0
170616,352610,0
81648,360080,0
153607,379395,0
183970,355973,0
105444,361358,0
158571,361986,0
177579,319865,0
198892,322470,0
216975,296647,0
166654,350678,0
189102,333074,0
198712,303299,0
137098,384889,0
144306,328086,0
142455,343512,0
178319,318244,0
168886,353913,0
174656,393278,0
130805,354417,0
176433,350561,0
142252,329183,0
165476,377389,0
210102,333312,0
129453,321221,0
144705,375936,0
206687,342276,0
153583,352282,0
189499,356601,0
159392,351000,0
181463,326571,0
162975,335389,0
157691,334886,0
154167,353183,0
165607,362883,0
182239,333302,0
176982,354631,0
183516,374212,0
191099,341570,0
184570,360446,0
207804,354938,0
198493,326704,0
149269,341445,0
184798,392233,0
174438,319075,0
107124,325984,0
76052,360840,0
159302,337993,0
140101,341028,0
168149,345638,0
150009,371014,0
157193,350343,0
111476,358647,0
151164,332239,0
171318,373473,0
175169,349454,0
162600,392531,0
168067,340249,0
170102,323164,0
124132,340448,0
149863,284721,0
168079,347343,0
128953,304971,0
169228,364545,0
198415,321418,0
183610,321788,0
220869,407358,0
159472,372246,0
170837,353968,0
165653,317602,0
135537,356169,0
166973,334724,0
158750,312102,0
161448,373412,0
158713,379013,0
180493,319750,0
125715,302114,0
194033,340466,0
158871,312380,0
161387,343617,0
169121,347594,0
167653,352074,0
125902,318850,0
217686,296514,0
171986,429306,0
211360,279794,0
157181,346842,0
188909,341194,0
140128,325904,0
117874,389929,0
162921,317643,0
173978,346514,0
98533,355691,0
194956,372256,0
164847,287064,0
174410,372064,0
149092,352682,0
166323,352927,0
178515,370287,0
169337,348605,0
122986,334382,0
145282,391482,0
185919,363092,0
180519,368284,0
181227,347052,0
168284,309036,0
198251,335402,0
160922,347681,0
141861,328909,0
147911,328024,0
178264,330827,0
178235,346006,0
195151,317753,0
122360,357480,0
167330,332452,0
115363,305575,0
185661,404482,0
177858,352255,0
113068,317574,0
125675,360158,0
172842,351663,0
124724,459999,0
169069,348929,0
185253,344152,0
155625,262321,0
158201,315944,0
171277,361020,0
209553,326461,0
160165,362858,0
190725,336160,0
169994,409806,0
179463,361279,0
172662,388185,0
165284,425978,0
160206,303063,0
155690,368375,0
124516,325289,0
179326,321160,0
165573,305517,0
155508,372355,0
166799,318482,0
161780,324523,0
168805,351913,0
206519,355629,0
163091,350167,0
176144,353300,0
179483,359645,0
213951,352868,0
164046,346109,0
169569,346955,0
225356,318394,0
214966,358837,0
159253,343477,0
219779,330969,0
169876,340860,0
669118,354195,1
613682,399434,1
617399,392653,1
629247,364078,1
641070,424917,1
609532,388425,1
629369,398359,1
605911,379990,1
622550,391601,1
607905,403460,1
679465,399014,1
608711,373665,1
623498,399288,1
601212,370698,1
574989,407228,1
563517,391159,1
687717,379483,1
616040,330855,1
653024,367312,1
607440,403119,1
620240,397022,1
599215,391457,1
587478,424878,1
613921,394043,1
624328,392133,1
635887,384511,1
559877,401053,1
617755,401065,1
693265,388552,1
559933,403956,1
655859,416496,1
625919,402984,1
595215,391491,1
617493,379303,1
598657,442558,1
601644,436831,1
617118,374098,1
591051,389443,1
617296,386864,1
616468,394118,1
630384,376295,1
558770,390646,1
637332,414017,1
556780,409205,1
577473,384210,1
650054,432740,1
595063,328609,1
714443,433876,1
603566,410391,1
562356,383175,1
546166,423311,1
626539,394908,1
663820,416308,1
710910,464586,2
624310,398408,1
632546,389750,1
667249,417107,1
608309,377530,1
611357,393577,1
658219,436184,1
615032,402225,1
628131,406850,1
632390,363198,1
575116,345564,1
625784,441883,1
618893,419740,1
579564,428498,1
686324,364237,1
586242,396484,1
623248,399928,1
609219,362804,1
537211,376777,1
605310,394011,1
634973,450542,1
595411,413706,1
613037,419086,1
617444,397675,1
633304,366062,1
592620,446156,1
631633,337973,1
619637,395224,1
620330,398630,1
621964,409409,1
618446,372298,1
629789,426313,1
608687,374928,1
680646,375662,1
591831,438997,1
550086,442382,1
620330,396776,1
551236,401856,1
617178,414525,1
584938,344365,1
622636,456843,1
649987,408293,1
613719,382828,1
576987,392508,1
599766,409755,1
584077,398498,1
695514,321521,1
561388,355834,1
691600,397893,1
610676,449688,1
600114,413216,1
626811,372435,1
636291,360636,1
570384,393553,1
626700,401688,1
624106,398619,1
523329,404632,1
611954,360938,1
613536,395801,1
576488,397913,1
652745,406585,1
603193,371867,1
610026,444858,1
629725,405117,1
648429,422590,1
562772,382904,1
638823,411764,1
617764,397102,1
579922,379009,1
610698,396326,1
642607,374702,1
621629,397208,1
659321,404555,1
576235,462612,1
598628,425191,1
623502,420376,1
665965,449273,1
608923,385575,1
611579,407670,1
617573,386848,1
589862,418742,1
653325,396810,1
605073,372055,1
623137,408209,1
499262,398424,1
619339,401624,1
619295,397643,1
578878,420108,1
533577,355107,1
615934,426539,1
690195,475150,2
673514,390760,1
657120,386782,1
549945,372313,1
675858,410545,1
626586,415166,1
618449,404599,1
638783,399478,1
578113,395458,1
622557,361134,1
635324,420555,1
666135,430421,1
689725,465685,2
593601,445149,1
615094,383077,1
624599,417673,1
573969,434110,1
642881,403147,1
634383,422065,1
582389,428200,1
617330,369828,1
621989,394856,1
651828,468138,1
612936,398723,1
613351,407952,1
562777,437516,1
533212,366954,1
618113,400002,1
609344,448128,1
615342,413931,1
623989,368662,1
620187,400168,1
687638,439257,1
573925,449341,1
547270,403384,1
619318,361696,1
588432,446279,1
592924,393730,1
615325,383841,1
611875,422910,1
681941,370225,1
620818,396967,1
662154,385013,1
554938,347875,1
628655,321099,1
619628,399433,1
660333,393215,1
618391,348381,1
565829,395454,1
617689,397001,1
604554,393193,1
572417,403906,1
659193,384523,1
632060,367800,1
633894,404424,1
620610,395343,1
615175,397627,1
624293,333944,1
593689,316888,1
617319,374666,1
572244,349463,1
619239,400025,1
621622,390298,1
622101,371771,1
630205,338054,1
654147,407182,1
637594,420311,1
629004,392271,1
585207,336451,1
618349,397614,1
650157,402991,1
638966,486628,2
655201,411873,1
602335,433298,1
630706,388370,1
617428,397343,1
621537,390372,1
631365,450732,1
618406,404239,1
601390,453925,1
603945,361794,1
619427,396945,1
660103,414557,1
700340,335010,1
608182,416637,1
661166,404325,1
620939,385731,1
626371,349696,1
614683,367259,1
619332,401992,1
587453,401098,1
652349,321291,1
617954,395504,1
636807,424537,1
533889,333741,1
623386,387031,1
632952,385722,1
695010,449565,1
626843,367696,1
488205,420586,1
611547,411952,1
621241,368090,1
581240,362971,1
608747,363132,1
662177,420431,1
615665,405490,1
617447,366176,1
560393,389490,1
685785,409913,1
623433,400160,1
609091,437020,1
624343,403629,1
668879,388617,1
567105,437623,1
657450,365008,1
591955,378142,1
588952,437524,1
607665,447516,1
608601,418450,1
662830,420955,1
605891,428146,1
615239,317684,1
588933,366439,1
618053,357534,1
577773,434308,1
606558,458285,1
620955,389692,1
738190,371970,1
634661,446187,1
571692,449353,1
605650,447537,1
639502,371440,1
684568,380640,1
658735,399039,1
618157,384990,1
618869,398187,1
603388,403039,1
585255,415823,1
639507,438534,1
594112,399331,1
619475,400592,1
571570,375257,1
659297,373975,1
603285,449307,1
610199,394579,1
590500,418472,1
630904,404643,1
591725,406549,1
621560,397789,1
563182,367521,1
593879,444161,1
616054,371666,1
627679,395601,1
608195,447380,1
616737,397973,1
650120,324477,1
616926,398697,1
650859,460072,1
642157,345545,1
601369,411415,1
604703,392288,1
721905,378957,1
619415,397644,1
571043,347389,1
659191,459637,1
629978,400626,1
688487,383589,1
598053,438963,1
635242,356290,1
605899,412428,1
656642,407213,1
619924,406713,1
630067,372798,1
600007,377908,1
589164,386733,1
630491,379017,1
618676,377015,1
639613,388524,1
669409,415893,1
681608,436537,1
649968,371445,1
629000,417990,1
658884,390135,1
605407,427914,1
629891,414975,1
621778,364695,1
610722,418243,1
601599,388540,1
615649,429323,1
627206,402647,1
643965,366316,1
614877,402442,1
606486,420054,1
668482,358452,1
628715,434772,1
196462,887983,0
335970,846828,0
272394,837600,0
211165,825505,0
226433,837646,0
219686,859997,0
242087,844255,0
213558,873714,0
245144,845719,0
247997,878582,0
283576,809069,0
224676,859348,0
298214,820903,0
245468,859425,0
222704,824909,0
250921,819639,0
249209,801933,0
230591,874855,0
234091,876039,0
286769,862152,0
224789,866804,0
245023,849247,0
263626,851699,0
250198,825417,0
231263,863308,0
307605,840195,0
276635,875623,0
230399,842538,0
274070,798617,0
247939,831010,0
209922,850026,0
300726,862728,0
222727,770963,0
239505,885057,0
291561,845450,0
221122,832810,0
194258,914691,0
228928,855040,0
264627,808661,0
225916,843329,0
240221,843932,0
276600,823311,0
204854,810013,0
278326,829095,0
246047,846189,0
251032,876118,0
285258,848668,0
260943,889692,0
245928,867228,0
221002,870506,0
292872,896822,0
261896,897475,0
269723,849664,0
243941,843256,0
249370,872804,0
237120,856814,0
257472,849587,0
253703,834676,0
238080,830689,0
225991,869734,0
231781,799444,0
296892,901182,0
234604,822462,0
241473,860854,0
219864,842635,0
235901,856563,0
207217,878249,0
256949,820470,0
204597,863162,0
325275,866433,0
239344,814789,0
187894,871219,0
259973,862559,0
189752,865463,0
245707,844466,0
188480,870646,0
305915,854818,0
242443,851797,0
227138,824372,0
229970,878786,0
281971,825246,0
241166,845204,0
225846,874086,0
284077,905181,0
258975,837353,0
241972,840749,0
245602,857160,0
227363,836593,0
257926,936947,0
237689,839510,0
267799,847911,0
207552,772091,0
201567,881003,0
265125,820661,0
273165,852766,0
290210,818593,0
256487,868899,0
271395,862063,0
251958,886571,0
249253,856047,0
268289,878265,0
295375,861990,0
256316,818886,0
246470,842932,0
314666,849163,0
298979,774144,0
192885,887667,0
227819,900986,0
250003,859517,0
249857,844975,0
218369,851387,0
252586,806474,0
283017,850861,0
228095,843338,0
266980,825990,0
241381,844402,0
294053,878220,0
253339,750941,0
241413,845029,0
294326,807584,0
257856,846423,0
248210,886338,0
216846,737568,0
244743,830888,0
277055,860813,0
279923,805957,0
235041,823732,0
238524,842928,0
246453,883061,0
260590,827955,0
274554,845338,0
245254,907991,0
299821,866288,0
261120,804153,0
246729,879602,0
240308,844341,0
220620,819091,0
268926,813783,0
234219,845270,0
188424,849785,0
240171,843940,0
163766,859386,0
191257,802651,0
224852,934148,0
261093,844962,0
228711,848090,0
183478,851724,0
201080,823689,0
118590,857150,0
264798,767716,0
313609,860065,0
232246,844226,0
237757,834092,0
222682,806314,0
243331,844022,0
197362,870337,0
229857,843917,0
244257,776516,0
224083,852922,0
309399,838744,0
271205,817620,0
242247,864253,0
235337,831592,0
232357,810798,0
252199,828023,0
267049,950249,0
245678,821691,0
241138,844374,0
246182,840370,0
264175,824349,0
266977,887963,0
274685,883097,0
244260,847060,0
256073,917590,0
258416,835432,0
241687,844256,0
282603,846165,0
228032,893055,0
226949,889283,0
264274,813041,0
139601,914203,0
229131,842806,0
236274,861302,0
261819,863523,0
200005,825237,0
310591,841778,0
244049,817710,0
235022,911236,0
256512,837094,0
236495,861569,0
256889,880721,0
258528,856273,0
233284,860085,0
257480,849037,0
269354,811847,0
222445,891438,0
222356,840843,0
236207,886769,0
174371,864697,0
159683,838958,0
237750,837381,0
241545,838673,0
256082,831969,0
246468,838071,0
205919,844377,0
266111,813259,0
244246,847589,0
244899,812192,0
219316,898830,0
251866,864044,0
238308,790723,0
209264,836661,0
242519,845811,0
351883,890475,0
278929,842054,0
244027,850132,0
248570,843156,0
224681,858432,0
210276,824826,0
220884,916718,0
240846,841609,0
257093,801567,0
236749,813868,0
332237,911313,0
288954,846991,0
238084,844799,0
236431,844100,0
299772,828655,0
241633,846949,0
230107,858332,0
256216,903741,0
258135,880184,0
232331,872896,0
183583,787453,0
264293,890923,0
213208,833959,0
224288,931476,0
261622,869706,0
297183,841456,0
241849,815141,0
308616,811021,0
220931,876605,0
289719,866638,0
233931,838374,0
224694,848663,0
240645,855514,0
229567,855332,0
247613,815836,0
239387,847822,0
257788,880587,0
245532,846331,0
224241,828996,0
227582,856861,0
244618,845420,0
213775,841758,0
243511,830743,0
244799,841688,0
216061,848623,0
294492,832336,0
248931,844960,0
267478,894783,0
228715,837572,0
269483,848608,0
248276,844455,0
236987,881080,0
223732,826580,0
230149,886583,0
265299,859533,0
181803,799487,0
247210,859012,0
261633,773355,0
262370,891499,0
250394,847577,0
222019,839774,0
238328,770068,0
208941,860169,0
238714,858826,0
241005,825301,0
270742,847836,0
238492,833394,0
312726,853829,0
286663,846902,0
261796,819395,0
253890,807676,0
242415,844335,0
134134,842630,0
163956,833732,0
250359,849451,0
295357,842293,0
218942,848326,0
205466,778884,0
253899,862843,0
244966,841126,0
208494,850615,0
221126,837878,0
271093,861412,0
216543,842952,0
255185,825960,0
251070,877802,0
264565,859237,0
228611,836717,0
228517,837056,0
198583,860431,0
215976,836025,0
254411,848090,0
168036,807011,0
292194,906490,0
243951,865415,0
260922,785987,0
245740,814541,0
317675,838127,0
274505,864723,0
230049,865536,0
235084,818866,0
172690,847721,0
221706,875060,0
236740,853169,0
298800,824277,0
265246,889333,0
219498,851932,0
247484,846372,0
288675,919879,0
229280,813483,0
282622,879222,0
307300,836132,0
238260,882489,0
219049,825171,0
219321,848396,0
240028,849354,0
212009,864463,0
246857,852483,0
245118,811283,0
247855,794626,0
253655,821946,0
241475,850889,0
210162,860529,0
204922,854068,0
225567,853078,0
245258,799882,0
257134,845851,0
187314,815820,0
294275,174786,1
329428,66056,1
325938,164475,1
253129,154296,1
319838,170383,1
240213,118409,1
283784,178305,1
376613,159699,1
338717,181582,1
304283,183656,1
314519,146787,1
270899,175377,1
291228,101272,1
291170,110147,1
321522,163852,1
202627,179376,1
307913,91419,1
311093,169734,1
321775,164846,1
294832,124284,1
295537,91032,1
383044,180418,1
338570,192256,1
337894,175289,1
359796,165920,1
316263,163806,1
320972,170417,1
277860,111893,1
367806,123963,1
359352,162962,1
350964,149159,1
332201,181702,1
287966,150135,1
346942,152780,1
232784,169847,1
292492,99170,1
334529,166765,1
363208,238649,1
196795,190277,1
353333,113156,1
373191,88470,1
333789,151168,1
339732,163158,1
321822,187102,1
276792,141848,1
308044,164482,1
311328,159477,1
383052,89061,1
316820,150304,1
314479,178821,1
310824,144943,1
333143,200298,1
300672,175844,1
339482,151261,1
319208,164182,1
321645,164662,1
308763,166511,1
308066,145825,1
360143,155270,1
348893,195430,1
319283,158983,1
332284,194186,1
292402,184441,1
361227,221878,1
313573,109221,1
310693,154278,1
344482,215846,1
358652,186358,1
330533,214555,1
320400,160020,1
267662,127175,1
396583,82842,1
292193,125417,1
324121,96346,1
321344,166633,1
234837,151054,1
368060,76739,1
347050,150472,1
245783,109229,1
400550,144359,1
343217,153037,1
315488,160339,1
347406,155708,1
336845,172750,1
357014,148222,1
331862,169092,1
322140,165212,1
363075,162238,1
318738,182134,1
346717,178180,1
311819,140674,1
332032,157725,1
301983,173386,1
321556,163352,1
315830,102777,1
312275,145173,1
325861,203058,1
360703,150999,1
345976,148333,1
320210,191459,1
318665,158107,1
425563,163524,1
264427,188193,1
348177,179526,1
265430,151883,1
320718,158610,1
380609,185976,1
345234,188822,1
362027,150348,1
300294,178772,1
315963,174031,1
333787,189423,1
337343,156614,1
334812,137431,1
347492,153416,1
324518,167369,1
353991,193997,1
274321,219665,1
335476,183897,1
300021,159185,1
384591,137729,1
320000,162605,1
268938,211870,1
366146,196571,1
356280,185198,1
325767,164095,1
350480,214608,1
314791,163370,1
302582,134124,1
328851,147002,1
347039,195468,1
289531,145743,1
343018,239960,1
271123,163465,1
326959,154655,1
332307,189590,1
310529,141617,1
380281,205779,1
411606,137378,1
348191,165419,1
305292,175260,1
256120,141529,1
390934,170420,1
358562,112650,1
355499,224982,1
363437,77975,1
232043,177614,1
246753,175170,1
327204,152871,1
371685,151612,1
291723,177824,1
324488,180658,1
340048,131847,1
295311,115000,1
239495,163949,1
267521,119941,1
401396,125431,1
260930,184935,1
336085,170252,1
291782,159562,1
307616,207295,1
352910,145624,1
294653,104623,1
372883,222824,1
318707,160697,1
281548,175184,1
307747,128551,1
336991,217448,1
270233,195701,1
433100,134861,1
311433,134432,1
375353,117180,1
315146,160782,1
311163,166821,1
305333,171939,1
332470,161202,1
302266,185591,1
370775,144355,1
314552,151035,1
343145,172236,1
331212,162496,1
299460,144708,1
383894,179880,1
345703,149860,1
331381,162660,1
344364,213940,1
378347,144880,1
322789,137560,1
328425,159826,1
341137,78287,1
317771,154916,1
336266,148507,1
342066,119083,1
297177,88467,1
280519,165350,1
305901,166656,1
284757,175853,1
281732,221764,1
321262,178491,1
344710,213543,1
311408,168232,1
356500,188114,1
304376,222294,1
278116,185472,1
247892,115217,1
306326,164202,1
311516,94189,1
323747,163351,1
321778,158339,1
309501,166931,1
333942,143344,1
339393,209145,1
340996,170964,1
315333,144566,1
332853,168141,1
290958,168323,1
297731,175876,1
280274,182662,1
306540,193434,1
319155,159850,1
355168,114823,1
270201,236813,1
347630,120931,1
446538,180119,1
371052,147369,1
403365,215735,1
258201,153095,1
335121,214149,1
283786,133973,1
353951,133923,1
345069,165968,1
367079,183232,1
363932,228249,1
354132,161850,1
390538,157197,1
333805,148479,1
325344,159885,1
323905,168029,1
274495,182470,1
309684,150076,1
381617,157000,1
322841,169735,1
359520,132845,1
249616,144446,1
321620,169950,1
415495,116126,1
335742,196692,1
271424,251323,1
340066,152500,1
327734,163585,1
346079,220993,1
276741,143844,1
377042,182019,1
400055,131725,1
332246,172932,1
310386,171068,1
327569,158418,1
324444,166910,1
317217,163896,1
270404,183080,1
277512,151920,1
324966,170021,1
306421,145493,1
382419,110392,1
318266,171979,1
321245,141627,1
318192,170844,1
320821,165455,1
329029,204399,1
311065,219934,1
287127,192494,1
283571,109326,1
308748,199866,1
369490,164369,1
270729,67329,1
279010,181792,1
282957,179982,1
308489,145929,1
327927,168535,1
327022,161396,1
376557,109320,1
248427,146381,1
321182,150806,1
312337,154488,1
268518,181514,1
285865,167818,1
279251,184486,1
306042,66361,1
318215,180010,1
293978,197091,1
338044,233264,1
293864,241877,1
344380,183817,1
316257,171544,1
248779,111087,1
313783,177198,1
415534,110526,1
296164,96874,1
315670,160928,1
339137,160334,1
290700,196285,1
307107,174760,1
325279,168587,1
328423,161604,1
333883,276840,1
308555,134011,1
322101,164171,1
306357,123397,1
292931,125341,1
284378,223470,1
335003,151395,1
267212,158699,1
343851,193618,1
296627,93375,1
334980,143900,1
335235,180161,1
360945,167952,1
257841,193878,1
275288,212315,1
331798,143962,1
333937,51121,1
328775,156501,1
319829,168353,1
293201,192871,1
327608,177638,1
332562,174699,1
348815,150017,1
312227,159417,1
324337,162686,1
323329,93955,1
291973,127483,1
258779,106777,1
325360,134919,1
267264,153034,1
312421,170617,1
293350,175997,1
275459,190178,1
244344,185382,1
252845,181181,1
357923,192120,1
382720,263255,1
326040,156509,1
165104,543395,0
139903,592241,0
132705,557674,0
114311,601605,0
102460,533057,0
185935,554627,0
123441,594415,0
97216,564094,0
110948,539533,0
101553,517715,0
133023,574572,0
144570,573936,0
136531,557658,0
173576,507309,0
179189,536028,0
141238,557986,0
156430,615117,0
69169,631490,0
31842,565765,0
144620,575370,0
155899,561715,0
137451,555339,0
68388,574380,0
166290,521714,0
210499,526471,0
148319,584541,0
135336,552552,0
136606,562296,0
136301,569544,0
119386,620549,0
139212,557713,0
84501,604671,0
176602,574552,0
105945,528795,0
140989,537156,0
138449,555969,0
128669,574591,0
95749,602775,0
139460,557260,0
130440,562623,0
147885,527813,0
58190,608304,0
151701,574146,0
148385,538149,0
142668,544976,0
145251,553486,0
142265,546135,0
202913,525966,0
192564,547558,0
179240,577011,0
182840,584262,0
144242,557674,0
135849,550612,0
101427,615890,0
143265,548387,0
112379,547679,0
137347,622867,0
139146,569516,0
125756,579609,0
77109,512651,0
138073,556272,0
202547,601240,0
19835,570290,0
118137,579149,0
201324,574588,0
113259,568684,0
139052,610320,0
177246,571940,0
107972,601191,0
138199,541774,0
220156,589643,0
137787,566189,0
138122,557230,0
93136,613387,0
154620,576738,0
131523,568207,0
136967,565662,0
142886,556511,0
125005,540340,0
138965,558201,0
139474,569485,0
171471,576787,0
157138,565993,0
198294,552987,0
136078,547418,0
140164,531093,0
156003,502860,0
67867,545392,0
133780,533275,0
116142,550919,0
148510,579793,0
179224,584189,0
149906,546909,0
29760,557873,0
115287,602637,0
206561,574789,0
108651,521409,0
115905,560139,0
127373,549518,0
141699,530028,0
141641,557376,0
111855,531542,0
136580,553967,0
137516,556818,0
179793,483378,0
105568,584102,0
125840,520239,0
117212,565692,0
140717,554093,0
139033,593287,0
172882,571145,0
104862,608089,0
158366,537970,0
138525,534268,0
69565,599820,0
94571,528963,0
153185,562792,0
147599,513563,0
223226,546198,0
143879,536650,0
151099,518008,0
109317,531425,0
127202,525948,0
137740,618961,0
138734,557713,0
109912,565003,0
158060,525533,0
260096,530550,0
134449,557556,0
121650,599844,0
188992,563992,0
207218,589497,0
179830,547383,0
152331,529689,0
112184,530469,0
166904,503121,0
183026,545377,0
152658,569277,0
172116,513383,0
95899,530846,0
144325,538991,0
166597,572855,0
105193,596017,0
166840,562425,0
117089,561455,0
141718,549576,0
117959,536156,0
125351,529954,0
140706,547367,0
138012,558263,0
135284,555664,0
142663,556520,0
112673,516997,0
137657,611252,0
119237,591137,0
186380,487625,0
113099,546732,0
176278,550602,0
158773,588778,0
140962,518168,0
144856,551807,0
155943,576199,0
152584,564548,0
165356,570715,0
127858,609681,0
257984,555707,0
149758,564768,0
129550,560106,0
159271,568953,0
151374,538387,0
129030,588495,0
155430,549012,0
172756,612694,0
93459,514032,0
99569,523174,0
148080,544056,0
169322,577938,0
173847,514665,0
136418,562926,0
140047,540043,0
74519,527539,0
146681,562995,0
110877,562558,0
95071,503965,0
136232,576477,0
146120,576624,0
259173,548593,0
107965,535173,0
103153,601002,0
158283,570550,0
206219,604081,0
116492,509399,0
97430,598804,0
193275,538687,0
116860,550810,0
179834,541387,0
143226,522375,0
111174,539350,0
94933,588147,0
139434,557410,0
131532,536658,0
38179,532155,0
113321,606322,0
123905,508486,0
201753,569116,0
206660,575002,0
138884,529162,0
139636,565984,0
110479,594587,0
76253,529394,0
160280,493497,0
161475,587507,0
149054,556986,0
223408,520131,0
158596,562634,0
141991,539522,0
137172,523482,0
161154,538355,0
130157,581286,0
142000,554964,0
86243,559135,0
130883,557824,0
127964,538935,0
122130,568886,0
210597,589836,0
139847,552015,0
147664,559632,0
167716,562762,0
130657,555545,0
165382,518876,0
221994,575146,0
87236,607429,0
154268,542573,0
197367,535989,0
133094,557996,0
155274,552551,0
139911,561185,0
146924,565933,0
146183,622188,0
176092,531921,0
184402,546549,0
139641,557503,0
170816,547069,0
156474,570384,0
146678,558942,0
136569,532130,0
162124,500069,0
127503,623654,0
182854,534283,0
141222,572556,0
177665,557923,0
201907,516078,0
130249,579307,0
166560,559687,0
138220,560056,0
134725,537440,0
127940,590467,0
143592,606949,0
64979,538104,0
94061,576129,0
79285,554817,0
103192,550021,0
198823,538624,0
145758,562414,0
211584,591058,0
139451,549580,0
220224,592068,0
150404,539885,0
142767,538646,0
143912,595772,0
184412,537050,0
55359,623076,0
137197,556522,0
138461,558771,0
80673,566893,0
203667,577260,0
94249,600812,0
145244,561042,0
94458,533883,0
130201,562734,0
98675,580608,0
134422,544300,0
141771,551655,0
141924,558399,0
137316,562151,0
143363,551365,0
197849,575524,0
134261,519275,0
129997,568115,0
170494,560892,0
164453,544085,0
128788,546091,0
88703,577217,0
131109,568012,0
95074,570002,0
232047,522748,0
125548,552424,0
142563,560090,0
118391,553625,0
132497,593125,0
162713,586568,0
122296,566921,0
56907,586609,0
48143,523870,0
104489,542515,0
130582,565948,0
180633,570302,0
241485,523039,0
178005,594957,0
211266,534538,0
137680,555667,0
144401,565666,0
101722,535117,0
115781,594942,0
107160,530936,0
139978,587153,0
179931,536588,0
105353,589239,0
119496,543146,0
142575,517378,0
76661,531044,0
137699,556769,0
154964,554923,0
142516,559062,0
98525,579761,0
163925,576666,0
153326,558408,0
262846,559590,0
102898,592834,0
138349,554238,0
193502,557364,0
202175,495076,0
154162,536416,0
77875,516899,0
163477,561507,0
131874,552586,0
120357,560737,0
119535,551857,0
114108,540537,0
136059,558213,0
121786,564225,0
233105,591646,0
149760,577278,0
139237,548782,0
34795,606311,0
147663,555514,0
108512,525986,0
509279,180548,1
495165,163113,1
474652,193224,1
507786,199578,1
566666,195255,1
506012,178372,1
541435,206637,1
507311,177795,1
461701,188438,1
506069,169723,1
477155,161019,1
505044,180646,1
467697,168082,1
511868,170991,1
500225,177559,1
460616,174810,1
573755,218049,1
543616,144788,1
509804,175714,1
542311,161882,1
475944,189337,1
517750,199025,1
520952,169184,1
559076,190770,1
416763,96639,1
549384,208450,1
549147,171454,1
520880,200955,1
484348,202813,1
487472,166999,1
504728,174541,1
465734,114090,1
570266,188032,1
505584,176135,1
514739,189624,1
500589,181466,1
504096,192493,1
553118,165472,1
502511,205121,1
551798,221411,1
502737,174437,1
513181,177419,1
513010,141058,1
535564,177248,1
514551,176526,1
450030,169537,1
521152,152439,1
505512,203857,1
509928,184873,1
490271,216725,1
529931,180136,1
508228,220433,1
534461,178056,1
508551,174306,1
545365,210090,1
510414,142485,1
507895,177445,1
506288,177990,1
512560,224816,1
454160,102568,1
437116,148591,1
519003,160741,1
509173,178051,1
507674,147431,1
513562,229098,1
473361,185066,1
517580,170329,1
509285,174620,1
510496,174308,1
438860,114065,1
534702,244239,1
504755,150226,1
474135,199330,1
508907,173787,1
509651,149290,1
490956,124550,1
499637,194036,1
515856,148316,1
482568,159010,1
522728,184704,1
493070,189771,1
483807,198925,1
469656,153741,1
470041,102049,1
576965,187481,1
515230,149567,1
469470,189347,1
484678,123623,1
509554,186931,1
480787,147737,1
523036,123677,1
508144,167733,1
515450,173220,1
489378,172861,1
497406,125809,1
514173,139330,1
520809,176718,1
499009,205823,1
509773,148899,1
505117,141877,1
494698,176711,1
501334,163002,1
502500,176532,1
546565,151576,1
520878,209094,1
486891,175164,1
512241,169240,1
569692,182365,1
491382,122267,1
457033,127590,1
535453,200970,1
436641,55171,1
520845,176291,1
496130,178113,1
507473,227670,1
507092,175151,1
493714,173387,1
528826,154067,1
509951,176794,1
505400,160422,1
473316,162622,1
489504,146224,1
516888,152451,1
505128,175022,1
520819,181586,1
506812,167031,1
495032,203929,1
508789,174256,1
502302,210265,1
511106,122518,1
486997,164803,1
535787,199735,1
540364,163758,1
496006,191010,1
497454,172375,1
488330,173837,1
547076,156969,1
509956,141698,1
516084,178725,1
535034,172649,1
529858,213114,1
496384,166644,1
519201,139101,1
575022,213534,1
469404,181944,1
464672,193513,1
491609,180519,1
470314,178936,1
481067,172555,1
508797,176269,1
491145,206344,1
485361,169229,1
474527,107596,1
499643,171625,1
514722,190943,1
474641,81263,1
495995,160032,1
516963,174184,1
521006,163218,1
434581,123267,1
514876,182995,1
501416,172980,1
513991,165072,1
512900,219252,1
510739,121103,1
509522,174376,1
507862,172954,1
512716,181316,1
483423,111797,1
505603,147517,1
482628,171320,1
541790,172616,1
473649,178184,1
520763,250478,1
494000,189403,1
533931,173291,1
485110,150541,1
528679,199079,1
545699,174099,1
517495,186329,1
520461,173217,1
456821,105575,1
495388,156422,1
514934,219169,1
508989,168995,1
500474,169746,1
504511,149234,1
467144,147308,1
512733,174091,1
452791,156805,1
488800,197919,1
593887,210595,1
561725,168220,1
528011,201615,1
514428,222503,1
512051,145220,1
472054,129986,1
507959,166780,1
518068,137556,1
561110,219865,1
563315,215613,1
523779,163905,1
490037,164357,1
519421,154681,1
504373,165819,1
513957,139202,1
486422,178919,1
533351,147778,1
511030,221292,1
496069,102201,1
496491,171534,1
497254,171940,1
518892,165875,1
481083,151953,1
507741,178883,1
486224,196184,1
509039,173839,1
462658,75167,1
519680,208378,1
499676,196897,1
480876,160465,1
521032,177084,1
486034,196122,1
505225,158750,1
485968,123023,1
478442,125560,1
502355,164119,1
502915,183059,1
497211,174121,1
537174,194410,1
505293,194591,1
491442,116195,1
473202,140745,1
505079,219082,1
541455,223176,1
528938,174372,1
528094,178343,1
520759,184923,1
538994,179328,1
507832,181513,1
493897,189627,1
514408,173338,1
514391,156592,1
513362,223841,1
443618,157237,1
477746,163845,1
480571,204150,1
486326,174643,1
505384,174535,1
541220,177840,1
522869,176818,1
497255,188783,1
545240,221008,1
512291,169608,1
576158,210283,1
508099,175066,1
545455,182232,1
537836,177165,1
508597,173640,1
507445,193647,1
524397,239456,1
527753,213985,1
528766,239937,1
481356,162127,1
541498,192746,1
506142,170513,1
494574,198972,1
477901,173288,1
509223,177592,1
532010,176195,1
541006,175198,1
490355,153464,1
566524,179796,1
550216,184337,1
516085,195504,1
523796,219588,1
511118,175212,1
445043,152257,1
497582,190801,1
514622,206979,1
479631,178459,1
496476,140337,1
498389,178069,1
506361,225237,1
519396,177174,1
529409,157228,1
501111,157402,1
514219,167014,1
558307,203307,1
545957,196749,1
508080,175697,1
589900,217899,1
509383,167302,1
474516,189144,1
498730,183037,1
473093,188791,1
471328,176297,1
510901,175806,1
559809,162597,1
499272,168413,1
514981,172608,1
511289,183247,1
455460,153040,1
519962,175210,1
532549,172894,1
516128,178722,1
519113,194925,1
502877,192740,1
520782,134308,1
574369,207483,1
515494,188459,1
486870,146947,1
484395,107291,1
504243,237336,1
483776,213021,1
536623,213083,1
544539,180391,1
502002,166223,1
500801,185558,1
525670,184762,1
481841,209337,1
494317,170837,1
521153,242968,1
473933,191767,1
524502,248106,1
487952,168607,1
460133,173081,1
453261,148432,1
491792,214464,1
497815,165151,1
515348,184750,1
598908,254032,1
558478,213316,1
538228,168834,1
464634,173867,1
518675,175686,1
533566,214619,1
540196,180312,1
500360,213540,1
517882,175467,1
549642,157506,1
511368,173673,1
506815,173387,1
500192,192292,1
533775,163036,1
511484,160453,1
489062,200329,1
537514,179689,1
551867,170425,1
406184,394506,0
417996,408162,0
428667,451233,0
425386,379634,1
388202,405780,0
370955,325071,1
353749,391896,0
398629,401626,0
393402,401018,0
465599,383470,1
400257,404936,0
444610,400247,1
392046,391220,0
410506,395586,0
508805,429073,1
424782,449687,0
384467,407359,0
397399,403186,0
449683,388863,1
387756,435588,0
451753,383440,1
414448,429790,0
394599,409068,0
387330,409037,0
402109,430185,0
393825,453067,0
412111,418466,0
397213,377839,0
361159,436327,0
383075,447616,0
383832,340506,1
402227,414685,0
411957,397796,0
377408,395123,0
417231,381303,1
442915,420573,0
415394,396940,0
420792,430901,0
397791,444527,0
385804,393101,0
384572,388523,0
402069,434868,0
414997,432597,0
392919,405103,0
396150,430329,0
439145,407748,1
401240,354085,1
424228,442208,0
336023,416862,0
351352,362910,0
413549,408517,0
341775,425156,0
424811,413300,0
402677,412615,0
419118,421655,0
354601,358760,0
410682,349328,1
399020,404042,0
392258,405478,0
353941,399967,0
411471,446824,0
397158,370362,1
431117,394746,1
395246,392783,0
400468,405703,0
354094,424230,0
352429,359750,0
358830,431609,0
387039,365758,1
395013,387179,0
400545,404212,0
435067,403802,1
394436,450912,0
376444,371957,0
433463,410297,0
426625,475977,0
424241,452915,0
396520,405610,0
347638,429109,0
374797,407601,0
451670,388347,1
373684,418326,0
412615,403902,0
392428,402295,0
389868,410718,0
383022,409854,0
468350,395883,1
373339,398565,0
383878,376230,0
434815,388041,1
368864,411216,0
321050,422497,0
276794,384458,0
383197,409869,0
381340,409680,0
415521,368125,1
404288,349685,1
367922,415238,0
422056,382193,1
407334,445969,0
373917,427628,0
422261,374345,1
392728,411341,0
336585,420977,0
401730,354294,1
401854,402867,0
401330,395538,0
393903,387227,0
399188,402459,0
389510,370897,0
399858,403574,0
343651,438750,0
388743,388465,0
398246,406245,0
400727,396769,0
399077,403968,0
402071,427626,0
405902,394724,0
383992,398245,0
372230,412488,0
418086,394699,0
400305,466024,0
380458,329635,1
338347,337961,0
411171,426853,0
392447,408539,0
375233,399429,0
385338,440797,0
397764,406712,0
414290,393146,0
394846,407130,0
402252,414628,0
332913,385678,0
396517,394572,0
388479,343648,1
405569,411933,0
444816,409502,1
393659,439272,0
415222,434798,0
396621,381952,0
416893,347737,1
398980,407667,0
404273,429948,0
397851,400846,0
447192,359893,1
350428,392503,0
451853,420873,1
402566,415798,0
362753,369848,0
407188,396576,0
380139,434251,0
409167,449719,0
405470,392374,0
359036,365793,0
398617,402424,0
408714,391412,0
382222,441817,0
403751,385539,0
400548,402390,0
393828,404314,0
373943,376926,0
390182,360941,1
391776,409868,0
342501,336320,0
401923,417123,0
342400,426090,0
405325,407466,0
369480,377148,0
416110,374296,1
401162,412142,0
442931,430123,0
478361,409520,1
401313,405195,0
357466,354094,0
417617,414816,0
417281,410881,0
470047,410943,1
378824,430343,0
369227,397853,0
397918,462032,0
397331,407010,0
427810,400178,1
401708,409924,0
426172,363147,1
401411,414503,0
409823,412908,0
386068,422517,0
398255,405428,0
346358,384801,0
397735,448097,0
348847,425164,0
394761,461494,0
357253,388075,0
402267,410395,0
415233,441297,0
404445,402466,0
408224,399767,0
369044,371649,0
343119,382074,0
416750,435776,0
387103,401925,0
368200,364844,0
393758,439738,0
418623,404382,0
402660,406054,0
427749,457110,0
405356,391545,0
432184,395118,1
322936,368566,0
402710,424367,0
456025,389630,1
395450,407822,0
377941,403683,0
407576,434017,0
348263,386451,0
391966,387214,0
392576,406460,0
380236,460907,0
398153,407081,0
399942,385908,0
398795,472619,0
467535,416014,1
377758,413906,0
398724,404179,0
396710,378698,0
377588,402670,0
408992,462226,0
423371,373970,1
412861,434751,0
403160,392159,0
395168,404189,0
399346,423786,0
409244,460295,0
429515,393708,1
370602,353215,0
356739,417826,0
408147,436628,0
436362,379677,1
399291,386712,0
396081,396707,0
419200,403389,0
383855,390984,0
370252,347498,1
460198,402706,1
418046,358461,1
408500,393942,0
397618,404912,0
392660,395873,0
406739,400918,0
439048,403700,1
392424,375266,0
379128,418858,0
391970,419802,0
389279,424006,0
468907,448885,0
410601,410653,0
396556,406492,0
417795,405673,0
375971,427549,0
414374,439977,0
368363,409733,0
402081,407514,0
399753,404222,0
424840,479570,0
381863,416651,0
394606,401451,0
389520,406500,0
418140,415328,0
387461,394402,0
391384,413273,0
391439,399819,0
365223,422531,0
407189,437102,0
415933,422485,0
402031,426039,0
428513,456990,0
382396,405483,0
368166,429422,0
418636,440000,0
411674,402377,0
424365,371987,1
394159,411676,0
371548,414612,0
460628,434107,0
399717,403257,0
361875,448199,0
393424,399084,0
333682,401078,0
377870,377550,0
405117,364266,1
452398,378671,1
397889,398501,0
424089,352640,1
417494,392231,1
402851,395579,0
376493,366302,0
460684,371809,1
449571,387141,1
405322,414743,0
420489,448078,0
377975,461076,0
492551,434649,1
477323,384551,1
359740,379592,0
429653,438596,0
361814,411086,0
400660,404811,0
410418,409414,0
392162,355397,1
376145,414107,0
371464,328177,1
379593,380662,0
448231,384406,1
404157,406324,0
420616,401526,0
398985,413427,0
400538,407020,0
391530,398743,0
408182,408351,0
435926,408504,1
411090,435389,0
398311,383357,0
409291,431539,0
399460,399410,0
400473,408327,0
399693,395271,0
431437,436764,0
312123,419763,0
411053,432808,0
401616,404245,0
364455,436191,0
407833,402474,0
367864,442851,0
437870,375761,1
308726,371721,0
418996,389541,1
371498,393120,0
407429,399155,0
380749,403860,0
399997,411205,0
377215,418429,0
380202,396671,0
436034,385951,1
395210,357805,1
415136,446807,0
315013,318367,0
372424,413163,0
340966,420480,0
354767,417464,0
387165,404027,0
854654,549222,2
889260,541423,2
870826,524625,2
868025,569296,2
861364,598127,2
825141,535997,2
906640,587296,2
906396,535803,2
887896,558572,2
817776,525600,2
844066,546029,2
848976,558706,2
897131,604582,2
845120,549830,2
872241,556733,2
857818,534525,2
794265,594573,2
857126,548151,2
842786,614034,2
889975,589361,2
841130,529745,2
813561,583156,2
855603,542414,2
887556,531797,2
837032,509264,2
852037,649724,2
793791,581315,2
904450,533427,2
879722,550246,2
839088,528460,2
869369,536868,2
871873,509094,2
900991,497149,2
919544,541255,2
860520,544023,2
863042,557890,2
889805,522039,2
879031,489881,2
852918,552112,2
903840,586229,2
932662,537069,2
908506,549611,2
867533,542290,2
844617,499013,2
862002,534006,2
883981,607581,2
864265,549505,2
883062,547498,2
860870,546516,2
895565,501871,2
843344,604964,2
864059,545894,2
830888,544022,2
858819,544904,2
853562,531620,2
873791,606643,2
859213,538040,2
841843,503359,2
842719,506205,2
847904,574114,2
863859,546898,2
888919,535805,2
855045,547633,2
863102,545783,2
829747,530312,2
850607,565348,2
810277,520837,2
879104,595389,2
840406,538772,2
838367,536676,2
837457,518745,2
861519,531277,2
816056,542574,2
862534,547936,2
808555,600511,2
862571,550965,2
832010,554080,2
882403,534710,2
840020,568424,2
865030,541150,2
846594,522941,2
890223,556874,2
873136,513309,2
846622,553552,2
905770,531812,2
803216,577565,2
914183,620056,2
877510,555087,2
861193,573954,2
840994,578455,2
875640,561262,2
876782,536438,2
849501,552769,2
866973,550375,2
906382,534459,2
822722,553764,2
861656,545794,2
856991,546255,2
865081,551012,2
895680,609341,2
867801,548156,2
846324,557586,2
840059,534876,2
860473,545982,2
937823,540173,2
886532,500026,2
904133,534915,2
880545,506175,2
833499,504718,2
854979,539793,2
818739,545052,2
825596,639465,2
838036,542999,2
846216,528037,2
850790,525740,2
864040,538985,2
869818,543227,2
879309,561548,2
860563,534839,2
846082,541026,2
860151,543055,2
847292,559228,2
838239,576018,2
837307,548214,2
853093,586321,2
884326,479802,2
838978,622330,2
842903,567914,2
832490,450680,2
844948,563321,2
859577,544625,2
908409,591215,2
819843,570485,2
875625,599766,2
887780,536497,2
884613,507507,2
849858,524682,2
846741,539481,2
870630,516603,2
843111,581603,2
869718,536928,2
857648,511640,2
881571,532467,2
860230,528054,2
861966,562885,2
898736,548642,2
961951,577029,2
866878,501919,2
874791,559085,2
874239,594786,2
915504,527751,2
758172,608152,2
859515,505303,2
861033,507671,2
837880,444574,2
827672,545966,2
869960,562146,2
858151,548242,2
877440,529137,2
821835,564313,2
846371,578530,2
829482,475863,2
860507,526669,2
878696,530134,2
837312,572687,2
886773,509047,2
879805,547494,2
859679,541785,2
910683,612854,2
860863,546060,2
874110,541972,2
790149,565157,2
873984,580836,2
873742,448214,2
894785,440382,2
874312,574582,2
879902,518647,2
851462,526597,2
839012,550376,2
808097,502521,2
879500,590791,2
864721,548447,2
866044,584750,2
876151,582116,2
819250,517655,2
807278,566392,2
872033,558924,2
894268,532597,2
846752,613846,2
850478,566230,2
849777,531138,2
823584,568458,2
823202,619103,2
843715,568319,2
861023,545953,2
889743,560547,2
862785,579661,2
880833,537039,2
854374,550707,2
842616,515205,2
860721,547751,2
831024,505776,2
829240,591428,2
860384,555572,2
853348,525893,2
849118,571562,2
856167,542249,2
853874,560250,2
838808,524944,2
814561,575281,2
773292,531652,2
891515,520429,2
805884,549492,2
833437,556713,2
843432,490725,2
791355,529644,2
865157,562132,2
920249,551171,2
808777,512952,2
898916,630099,2
863706,491401,2
857231,551055,2
877413,541536,2
838821,563842,2
854037,528890,2
824475,518063,2
857360,562228,2
856437,532452,2
862117,600081,2
839280,539324,2
885379,603686,2
859185,553000,2
865020,550686,2
882007,593653,2
861027,546004,2
846772,509036,2
844627,556401,2
861069,548327,2
854342,541611,2
844086,531300,2
923996,594948,2
832154,559403,2
803202,549001,2
856619,544008,2
897286,558004,2
851216,516166,2
858537,548576,2
828001,524067,2
849327,548496,2
858278,544519,2
793875,473793,2
766617,548142,2
847728,576707,2
858418,546935,2
816840,539239,2
852687,540692,2
861927,562723,2
892382,513991,2
811745,461099,2
800152,576217,2
870139,566584,2
859492,572224,2
830226,483466,2
850674,533083,2
834632,541216,2
899052,526048,2
925485,596955,2
893145,551400,2
839493,521150,2
883434,581923,2
873380,495161,2
765011,607246,2
898578,612291,2
906772,510158,2
858325,586062,2
795909,462864,2
812634,554848,2
846841,533595,2
810817,509540,2
826192,577784,2
856552,545271,2
848628,503773,2
784291,581417,2
890613,567037,2
870936,575427,2
851166,532382,2
871544,592403,2
870337,534303,2
819580,545900,2
912649,498734,2
870214,556246,2
853279,560714,2
857319,543529,2
878519,606677,2
858057,542933,2
860375,544804,2
888111,525539,2
892877,544283,2
788776,582930,2
875311,542259,2
875248,462524,2
835831,555864,2
885828,586348,2
916704,609548,2
893991,544467,2
866352,535933,2
872247,494281,2
832372,600070,2
902302,514170,2
877298,565604,2
873636,510687,2
854818,554389,2
915666,506439,2
905849,524809,2
862062,545736,2
871981,649086,2
900829,590250,2
859419,546754,2
855983,534803,2
916082,517633,2
874877,535143,2
885963,528959,2
853439,518568,2
855177,626376,2
814249,488483,2
857283,548467,2
865489,548920,2
913686,576892,2
880275,564545,2
861381,546835,2
880958,588608,2
868979,528502,2
872237,555834,2
861868,549168,2
836951,546244,2
836874,555991,2
769546,554722,2
855074,542557,2
868128,568529,2
878859,540155,2
852267,498220,2
874125,543036,2
846646,548548,2
851517,541076,2
806888,492319,2
831779,577161,2
860259,545444,2
892423,530999,2
838442,506780,2
853291,557685,2
730887,825972,2
645233,927201,2
645563,819480,2
573324,878802,2
693699,822637,2
649412,856993,2
684558,878573,2
656658,854609,2
651506,856097,2
618405,842859,2
667280,765619,2
600996,890782,2
674463,862486,2
676694,851597,2
620685,880813,2
716590,874975,2
721401,951880,2
657094,857640,2
644693,867371,2
633601,861482,2
673646,857346,2
657184,855509,2
708244,871834,2
659081,860560,2
657811,885904,2
642843,909185,2
709303,897538,2
610505,851476,2
612648,772280,2
673196,812941,2
673267,883727,2
694451,863981,2
678869,902492,2
690018,819280,2
677983,890077,2
639997,865965,2
709254,847444,2
679799,858680,2
664355,831472,2
659166,861665,2
692386,863386,2
688076,833905,2
680506,840053,2
641840,886745,2
673292,857105,2
622212,860015,2
736557,897961,2
668234,886696,2
675013,876331,2
675902,853961,2
695092,820091,2
730287,897070,2
691716,873426,2
722404,952207,2
678606,878004,2
664156,846474,2
688118,911574,2
674492,861230,2
675382,836312,2
664639,925795,2
626334,852383,2
669690,842110,2
653177,819935,2
674265,861435,2
677404,883871,2
672212,860894,2
715956,900724,2
674236,877152,2
679818,860064,2
578509,923881,2
680381,823757,2
720629,816515,2
640210,902029,2
671772,860357,2
618009,867493,2
672628,882986,2
680261,863401,2
682100,853708,2
681049,846975,2
668567,856554,2
656957,871011,2
662293,872590,2
673953,835926,2
718544,888401,2
648590,917839,2
699124,824089,2
668367,855686,2
675866,868784,2
700098,894685,2
683156,877209,2
661357,801817,2
789095,895634,2
673332,857517,2
627452,835854,2
672059,860501,2
665048,854911,2
683580,872374,2
668839,882598,2
682510,905902,2
671235,856653,2
680228,843225,2
662249,918050,2
674961,865594,2
679211,886670,2
676220,858214,2
567861,856582,2
668228,858122,2
682241,850176,2
712262,856869,2
671325,856592,2
680592,858526,2
683098,847245,2
646816,829778,2
675633,863416,2
677551,860007,2
683656,842406,2
678195,860537,2
700747,821557,2
679054,898217,2
676360,866112,2
665308,868551,2
665775,845662,2
660459,860658,2
670119,859029,2
672068,874862,2
644301,925034,2
704574,866263,2
665660,828338,2
680579,836946,2
682053,853410,2
672544,859978,2
713088,880834,2
680969,838864,2
674151,853540,2
664903,839150,2
641902,755287,2
683610,910782,2
676962,897430,2
594720,848457,2
658748,777680,2
700341,869730,2
640432,837036,2
668519,860048,2
672668,861428,2
638004,837697,2
673071,856021,2
668772,858570,2
636871,929410,2
599612,859210,2
739318,810528,2
654937,781879,2
663095,949045,2
658734,883214,2
647968,877873,2
682699,851115,2
684739,884934,2
667620,855461,2
616281,845406,2
697161,840318,2
679237,862389,2
664260,859029,2
674121,858589,2
700962,927047,2
723397,859761,2
648230,857418,2
677896,867053,2
680828,839011,2
680757,826912,2
673826,880137,2
694897,834591,2
683585,905984,2
671609,815681,2
669748,863109,2
674659,860894,2
659734,844127,2
656156,868643,2
653258,860766,2
684131,898331,2
666516,859837,2
655237,871554,2
653592,959882,2
659280,845579,2
646422,900526,2
627580,840406,2
604546,847329,2
631316,837043,2
705518,925936,2
662898,884734,2
718088,852181,2
666315,872311,2
710082,881600,2
674433,860605,2
685821,816579,2
678856,850293,2
669427,846395,2
687043,806921,2
657981,866945,2
676480,860779,2
704065,832648,2
669178,866011,2
693783,860206,2
683027,876064,2
670957,810768,2
674134,908464,2
637665,858741,2
664325,877878,2
664025,801796,2
672800,874378,2
685124,873363,2
674496,870664,2
684602,823981,2
677769,841641,2
651576,865180,2
650720,817440,2
674472,860330,2
673028,860593,2
683413,861559,2
669638,842011,2
674365,860819,2
687360,862438,2
662684,813662,2
673242,886958,2
674311,859933,2
595580,798572,2
636769,854047,2
685551,798742,2
663945,828490,2
717187,883275,2
706906,885612,2
675988,841317,2
671976,864630,2
669366,869654,2
651216,815098,2
676767,832479,2
657879,857942,2
665828,868934,2
674905,876286,2
640000,863831,2
672818,881943,2
634800,823669,2
658590,886551,2
639463,847461,2
625416,868848,2
672266,862875,2
723173,872525,2
688098,908495,2
673410,863889,2
679788,889464,2
615826,863168,2
598671,854219,2
753254,840123,2
669430,905798,2
726847,875488,2
648443,845340,2
674114,970756,2
675551,956849,2
677459,896720,2
634004,895206,2
653745,809028,2
682420,846881,2
666636,858686,2
682481,879399,2
656834,885944,2
718257,857481,2
672598,856928,2
693997,774817,2
612392,916853,2
671444,860206,2
671404,857240,2
689628,868984,2
704570,845515,2
652233,886054,2
705929,851313,2
682315,843851,2
667131,849230,2
707894,904500,2
649345,864613,2
629998,877765,2
659542,840985,2
621278,888326,2
682304,876841,2
679747,860939,2
663049,843538,2
672876,844123,2
689948,850548,2
696257,894819,2
629377,853726,2
658034,897179,2
696808,866039,2
699668,863774,2
669697,859388,2
606506,766728,2
672474,868765,2
697011,856357,2
708262,945359,2
653181,886417,2
674521,861127,2
729194,856897,2
663168,859429,2
644843,838626,2
672797,843231,2
680677,868629,2
614497,830844,2
646671,857872,2
679242,853941,2
665697,929571,2
749941,916922,2
602365,916673,2
684537,843821,2
694308,904062,2
731712,878998,2
667713,847241,2
730383,879136,2
689363,817577,2
728743,850843,2
683941,915579,2
722463,882675,2
670519,870010,2
683252,858182,2
669288,860515,2
675357,870850,2
673449,860643,2
687325,883004,2
603472,894573,2
669713,851017,2
693362,837786,2
605535,925341,2
687078,791051,2
672387,800443,2
683048,937776,2
713579,879202,2
571669,873544,2
695260,824882,2
702654,841548,2
601619,825604,2
564416,878492,2
703773,870419,2
674931,870112,2
673140,864863,2
681053,892766,2
683321,873932,2
701017,931252,2
645677,814395,2
677362,853471,2
659046,930099,2
665426,853940,2
691827,863963,2
650661,861267,2
599647,858702,2
684091,842566,2
